<?xml version="1.0" encoding="utf-8"?>
<factos>
     <pais codigoISO="PT" nome="Portugal">
          <nome_oficial>Portuguese Republic</nome_oficial>
          <capital>Lisbon</capital>
          <moeda>Euro (EUR)</moeda>
          <populacao>10,302,674</populacao>
          <area>92,090</area>
          <crescimento>0.15%</crescimento>
          <cidades_mais_populosas>
               <cidade>LISBON (capital) 2.843 million</cidade>
               <cidade>Porto 1.367 million</cidade>
          </cidades_mais_populosas>
          <dominioInternet>.pt</dominioInternet>
          <idiomas_oficiais>
               <idioma>Portuguese (official)</idioma>
               <idioma>Mirandese (official - but locally used)</idioma>
          </idiomas_oficiais>
          <paises_vizinhos>
               <pais_vizinho>Portugal</pais_vizinho>
          </paises_vizinhos>
     </pais>
     <pais codigoISO="DE" nome="Germany">
          <nome_oficial>Federal Republic of Germany</nome_oficial>
          <capital>Berlin</capital>
          <moeda>Euro (EUR)</moeda>
          <populacao>80,159,662</populacao>
          <area>357,022</area>
          <crescimento>0.19%</crescimento>
          <cidades_mais_populosas>
               <cidade>Hamburg 1.796 million</cidade>
               <cidade>Munich 1.364 million</cidade>
               <cidade>Cologne 1.006 million</cidade>
          </cidades_mais_populosas>
          <dominioInternet>.de</dominioInternet>
          <idiomas_oficiais>
               <idioma>German</idioma>
          </idiomas_oficiais>
          <paises_vizinhos>
               <pais_vizinho>Austria</pais_vizinho>
          </paises_vizinhos>
     </pais>
     <pais codigoISO="SE" nome="Sweden">
          <nome_oficial>Kingdom of Sweden</nome_oficial>
          <capital>Stockholm</capital>
          <moeda>Swedish Krona (SEK)</moeda>
          <populacao>10,202,491</populacao>
          <area>450,295</area>
          <crescimento>0.18%</crescimento>
          <cidades_mais_populosas>
               <cidade>STOCKHOLM (capital) 1.385 million</cidade>
          </cidades_mais_populosas>
          <dominioInternet>.se</dominioInternet>
          <idiomas_oficiais>
               <idioma>Swedish</idioma>
          </idiomas_oficiais>
          <paises_vizinhos>
               <pais_vizinho>Finland</pais_vizinho>
          </paises_vizinhos>
     </pais>
</factos>
