<?xml version="1.0" encoding="utf-8"?>
<pais>
     <pais codigoISO="PT" nome="Portugal">
          <nome_oficial>Portuguese Republic</nome_oficial>
          <continente>Europe</continente>
          <presidente>Marcelo Rebelo de Sousa</presidente>
          <bandeira>//upload.wikimedia.org/wikipedia/commons/thumb/5/5c/Flag_of_Portugal.svg/125px-Flag_of_Portugal.svg.png</bandeira>
          <capital>Lisbon</capital>
          <moeda>Euro (EUR)</moeda>
          <populacao>10,302,674</populacao>
          <area>92,090</area>
          <crescimento>0.15%</crescimento>
          <cidades_mais_populosas>
               <cidade>LISBON (capital) 2.843 million</cidade>
               <cidade>Porto 1.367 million</cidade>
          </cidades_mais_populosas>
          <dominioInternet>.pt</dominioInternet>
          <idiomas_oficiais>
               <idioma>Portuguese (official)</idioma>
               <idioma>Mirandese (official - but locally used)</idioma>
          </idiomas_oficiais>
          <paises_vizinhos>
               <pais_vizinho>Portugal</pais_vizinho>
          </paises_vizinhos>
     </pais>
</pais>
