<?xml version="1.0" encoding="utf-8"?>
<paises>
     <pais codigoISO="PT" nome="Portugal">
          <nome_oficial>Portuguese Republic</nome_oficial>
          <continente>Europe</continente>
          <presidente>Marcelo Rebelo de Sousa</presidente>
          <bandeira>//upload.wikimedia.org/wikipedia/commons/thumb/5/5c/Flag_of_Portugal.svg/125px-Flag_of_Portugal.svg.png</bandeira>
     </pais>
     <pais codigoISO="DE" nome="Germany">
          <nome_oficial>Federal Republic of Germany</nome_oficial>
          <continente>Europe</continente>
          <presidente>Frank-Walter Steinmeier</presidente>
          <bandeira>//upload.wikimedia.org/wikipedia/en/thumb/b/ba/Flag_of_Germany.svg/125px-Flag_of_Germany.svg.png</bandeira>
     </pais>
     <pais codigoISO="SE" nome="Sweden">
          <nome_oficial>Kingdom of Sweden</nome_oficial>
          <continente>Europe</continente>
          <presidente>Carl XVI Gustaf</presidente>
          <bandeira>//upload.wikimedia.org/wikipedia/en/thumb/4/4c/Flag_of_Sweden.svg/125px-Flag_of_Sweden.svg.png</bandeira>
     </pais>
</paises>
